nombre,ape1,ape2,email
Carlos,Gómez,López,carlos.gomez@example.com
María,Fernández,Martínez,maria.fernandez@example.com
Javier,López,Sánchez,javier.lopez@example.com
Ana,Jiménez,Torres,ana.jimenez@example.com
Lucía,Ramírez,Hernández,lucia.ramirez@example.com
Sergio,Alonso,Pérez,sergio.alonso@example.com
Patricia,Ruiz,Mendoza,patricia.ruiz@example.com
Fernando,Ortega,Santos,fernando.ortega@example.com
Isabel,García,Mora,isabel.garcia@example.com
David,Vázquez,Salas,david.vazquez@example.com